date,number of accidents,Temperature,windspeed
2014-01-01,608,270.44875,2.1666666666666665
2014-01-02,1702,271.28372916666666,3.2916666666666665
2014-01-03,1371,263.5827083333333,3.5833333333333335
2014-01-04,903,262.51416597241666,1.7083333333333333
2014-01-05,775,268.07416666666666,0.9583333333333334
2014-01-06,838,279.5670833333333,2.2083333333333335
2014-01-07,939,262.47875,4.875
2014-01-08,925,262.0939375,2.75
2014-01-09,874,268.5029166666667,2.2916666666666665
2014-01-10,1477,271.17249999999996,2.125
2014-01-11,816,279.8520833333333,2.0833333333333335
2014-01-12,467,281.19895833333334,2.7916666666666665
2014-01-13,820,277.0883333333333,2.5
2014-01-14,790,279.90213110941664,2.7916666666666665
2014-01-15,1046,277.03223159654164,2.2916666666666665
2014-01-16,771,276.7590625,2.7916666666666665
2014-01-17,876,283.826548152125,2.9583333333333335
2014-01-18,1085,284.793,3.0
2014-01-19,638,277.0229166666667,3.2083333333333335
2014-01-20,711,276.34166666666664,2.5416666666666665
2014-01-21,1324,269.0777083333333,3.1666666666666665
2014-01-22,870,261.421875,3.5416666666666665
2014-01-23,1044,261.71708333333333,2.9583333333333335
2014-01-24,1165,263.08666666666664,2.9583333333333335
2014-01-25,1212,266.5420833333333,2.0833333333333335
2014-01-26,816,266.54750879383334,3.7916666666666665
2014-01-27,1088,271.8208333333333,3.1666666666666665
2014-01-28,797,264.8770833333333,5.0
2014-01-29,1158,264.5416666666667,4.041666666666667
2014-01-30,967,265.61375,2.7916666666666665
2014-01-31,889,270.7135,4.166666666666667
2014-02-01,838,274.8545833333333,0.75
2014-02-02,539,278.0322222222222,1.3333333333333333
2014-02-03,1379,274.92083333333335,4.416666666666667
2014-02-04,839,270.13500000000005,2.25
2014-02-05,1058,272.34666666666664,3.9583333333333335
2014-02-06,921,270.1779166666667,4.083333333333333
2014-02-07,1049,269.59625,4.0
2014-02-08,655,268.86,2.875
2014-02-09,852,268.3566666666666,2.0833333333333335
2014-02-10,1045,268.65916666666664,4.25
2014-02-11,897,265.82374999999996,3.8333333333333335
2014-02-12,920,264.8070833333333,4.125
2014-02-13,1076,270.46541666666667,7.208333333333333
2014-02-14,1184,274.42125,8.333333333333334
2014-02-15,787,273.1645833333334,3.4166666666666665
2014-02-16,616,269.4875,5.791666666666667
2014-02-17,702,268.16291666666666,3.9166666666666665
2014-02-18,860,270.9845833333334,2.4583333333333335
2014-02-19,829,272.9579166666667,1.7083333333333333
2014-02-20,894,277.5754166666666,2.3333333333333335
2014-02-21,868,276.57041666666663,2.5416666666666665
2014-02-22,748,277.7791666666667,4.208333333333333
2014-02-23,496,278.77166666666665,1.2916666666666667
2014-02-24,739,276.6933333333333,5.833333333333333
2014-02-25,687,270.5229166666666,5.125
2014-02-26,877,269.60083333333336,3.9583333333333335
2014-02-27,1018,266.825,4.208333333333333
2014-02-28,1183,264.16875,4.75
2014-03-01,654,267.645,1.625
2014-03-02,583,274.83,2.0
2014-03-03,733,269.1066666666666,5.541666666666667
2014-03-04,709,265.172125,3.1666666666666665
2014-03-05,740,271.37622916666663,1.7916666666666667
2014-03-06,841,268.50125,5.041666666666667
2014-03-07,791,271.33166666666665,4.083333333333333
2014-03-08,678,278.23499999999996,3.5
2014-03-09,493,277.95416666666665,5.083333333333333
2014-03-10,657,277.8675,3.7916666666666665
2014-03-11,727,282.3883333333333,2.9583333333333335
2014-03-12,1126,281.88166666666666,1.7916666666666667
2014-03-13,990,270.69041666666664,9.916666666666666
2014-03-14,942,271.2870833333333,4.416666666666667
2014-03-15,715,281.59,6.208333333333333
2014-03-16,511,276.065,6.25
2014-03-17,702,270.79041666666666,5.875
2014-03-18,709,272.88875,3.2083333333333335
2014-03-19,690,274.44083333333333,3.5416666666666665
2014-03-20,773,280.08125,5.916666666666667
2014-03-21,829,279.2920833333333,6.291666666666667
2014-03-22,588,280.72833333333335,4.791666666666667
2014-03-23,509,277.9458333333334,5.166666666666667
2014-03-24,736,270.5416666666667,6.083333333333333
2014-03-25,607,271.6145833333333,2.6666666666666665
2014-03-26,686,273.3575,8.416666666666666
2014-03-27,712,271.78333333333336,4.75
2014-03-28,781,279.12875,3.5833333333333335
2014-03-29,845,281.6479166666667,3.2916666666666665
2014-03-30,716,280.25875,6.125
2014-03-31,967,278.96458333333334,7.666666666666667
2014-04-01,685,280.605,3.375
2014-04-02,631,280.00174999999996,1.1666666666666667
2014-04-03,721,283.2079166666667,1.6666666666666667
2014-04-04,758,279.64708333333334,3.3333333333333335
2014-04-05,683,280.22791666666666,6.458333333333333
2014-04-06,613,280.0933333333333,4.0
2014-04-07,644,279.6641666666667,2.3333333333333335
2014-04-08,727,284.24083333333334,4.75
2014-04-09,728,283.8020833333333,5.333333333333333
2014-04-10,823,282.46125,4.291666666666667
2014-04-11,750,288.31,4.583333333333333
2014-04-12,715,288.24291666666664,2.5
2014-04-13,587,289.0791666666667,3.7083333333333335
2014-04-14,673,292.69875,6.291666666666667
2014-04-15,687,288.99375,6.25
2014-04-16,776,276.34083333333336,7.25
2014-04-17,656,277.7004166666666,4.041666666666667
2014-04-18,639,277.6375,2.4166666666666665
2014-04-19,590,283.29333333333335,3.0416666666666665
2014-04-20,497,283.75575694445837,3.875
2014-04-21,646,282.51458333333335,1.625
2014-04-22,644,286.52875,3.25
2014-04-23,616,285.78208333333333,7.458333333333333
2014-04-24,710,282.77500000000003,8.458333333333334
2014-04-25,702,284.1,3.75
2014-04-26,662,284.4841666666667,3.4583333333333335
2014-04-27,567,283.5566666666666,5.166666666666667
2014-04-28,705,284.65000000000003,3.3333333333333335
2014-04-29,658,283.1278099593333,4.041666666666667
2014-04-30,791,280.7016041666667,5.583333333333333
2014-05-01,787,288.11041666666665,3.375
2014-05-02,791,287.43735416666664,2.1666666666666665
2014-05-03,691,286.811625,2.125
2014-05-04,518,287.69921875,4.541666666666667
2014-05-05,770,287.4291666666667,2.8333333333333335
2014-05-06,729,287.878251708,1.1666666666666667
2014-05-07,731,287.3040416666667,1.375
2014-05-08,752,286.0416666666667,1.0416666666666667
2014-05-09,839,286.9816666666666,0.9166666666666666
2014-05-10,751,291.3270416666667,1.5
2014-05-11,689,293.92875,1.3333333333333333
2014-05-12,731,294.257875,1.25
2014-05-13,758,292.4503333333334,1.5
2014-05-14,846,287.08375,1.4583333333333333
2014-05-15,793,290.3890416666666,1.25
2014-05-16,900,291.88000000000005,2.7083333333333335
2014-05-17,792,289.4325,1.3333333333333333
2014-05-18,656,287.8566666666666,1.2916666666666667
2014-05-19,805,288.07750000000004,2.5833333333333335
2014-05-20,832,291.1725,1.75
2014-05-21,718,293.5570833333333,1.4583333333333333
2014-05-22,798,291.03958333333327,1.0
2014-05-23,901,289.90166666666664,0.7916666666666666
2014-05-24,712,289.26375,1.0833333333333333
2014-05-25,719,291.47208333333333,1.8333333333333333
2014-05-26,644,295.25624999999997,4.208333333333333
2014-05-27,835,297.8333333333333,3.75
2014-05-28,744,289.97041666666667,4.25
2014-05-29,831,286.815,3.5416666666666665
2014-05-30,1013,290.03041666666667,1.5
2014-05-31,791,290.5175,5.375
2014-06-01,766,290.53291666666667,1.2916666666666667
2014-06-02,897,293.2754166666667,1.4166666666666667
2014-06-03,886,296.45202132108335,1.625
2014-06-04,766,294.66509474220834,0.7083333333333334
2014-06-05,871,292.97166666666664,1.3333333333333333
2014-06-06,1026,292.9266666666667,1.625
2014-06-07,945,294.1645833333333,1.0833333333333333
2014-06-08,751,296.0466666666667,0.9583333333333334
2014-06-09,791,292.82625,1.0416666666666667
2014-06-10,774,293.605,1.2083333333333333
2014-06-11,784,292.68666666666667,1.4166666666666667
2014-06-12,784,290.5225,1.625
2014-06-13,999,293.59541666666667,1.1666666666666667
2014-06-14,741,293.7029166666667,1.5833333333333333
2014-06-15,735,292.44208333333336,2.0833333333333335
2014-06-16,902,294.73125,1.2083333333333333
2014-06-17,879,297.93874999999997,0.9166666666666666
2014-06-18,902,301.51458333333335,1.6666666666666667
2014-06-19,887,296.3333333333333,1.1666666666666667
2014-06-20,1077,294.9995833333333,1.0
2014-06-21,792,294.07625,1.0833333333333333
2014-06-22,708,293.69125,0.9166666666666666
2014-06-23,894,294.81541666666664,1.5
2014-06-24,841,295.81708333333336,1.2916666666666667
2014-06-25,899,297.19666666666666,1.375
2014-06-26,953,298.0954166666666,1.2083333333333333
2014-06-27,974,297.20458333333335,1.0416666666666667
2014-06-28,802,296.99666666666667,1.125
2014-06-29,688,296.7729166666667,1.0833333333333333
2014-06-30,833,297.3029166666667,1.625
2014-07-01,884,299.7245833333333,2.4166666666666665
2014-07-02,837,301.1070833333333,2.875
2014-07-03,952,299.0541666666667,1.6666666666666667
2014-07-04,570,295.0370833333333,2.4166666666666665
2014-07-05,742,295.0879166666667,4.625
2014-07-06,637,297.3183333333333,3.375
2014-07-07,842,300.0708333333333,5.916666666666667
2014-07-08,885,301.62212500000004,5.125
2014-07-09,749,299.81375,4.625
2014-07-10,823,297.28625000000005,2.75
2014-07-11,915,297.6387752850417,2.75
2014-07-12,745,297.7979166666667,2.5416666666666665
2014-07-13,612,298.1458333333333,3.6666666666666665
2014-07-14,781,298.4853300227083,2.9583333333333335
2014-07-15,797,297.9741666666667,2.0416666666666665
2014-07-16,802,296.48375000000004,3.2083333333333335
2014-07-17,784,295.63375,3.5
2014-07-18,867,295.17416666666674,2.6666666666666665
2014-07-19,630,294.76125,2.25
2014-07-20,634,294.87625,3.2916666666666665
2014-07-21,793,295.37666666666667,1.8333333333333333
2014-07-22,750,297.8975,2.5
2014-07-23,765,299.55375000000004,4.208333333333333
2014-07-24,813,297.4306653478333,2.125
2014-07-25,892,296.124220366,2.9583333333333335
2014-07-26,676,295.84250000000003,3.5
2014-07-27,606,297.75416666666666,3.4166666666666665
2014-07-28,813,297.6441878505,4.208333333333333
2014-07-29,696,293.4845833333333,4.166666666666667
2014-07-30,741,293.32166666666666,2.875
2014-07-31,825,294.56416666666667,3.25
2014-08-01,965,295.64000000000004,2.3333333333333335
2014-08-02,721,293.93395249529163,2.75
2014-08-03,586,293.56412451,1.625
2014-08-04,778,296.6225,2.2083333333333335
2014-08-05,772,297.5520833333333,1.8333333333333333
2014-08-06,725,296.75,3.7916666666666665
2014-08-07,831,295.10999999999996,3.9166666666666665
2014-08-08,855,294.3261434468333,3.3333333333333335
2014-08-09,723,295.0525,2.0833333333333335
2014-08-10,695,295.7660589140833,1.8333333333333333
2014-08-11,816,296.466125,2.375
2014-08-12,738,296.00375,4.333333333333333
2014-08-13,803,296.08916666666664,4.5
2014-08-14,776,294.12212500000004,4.208333333333333
2014-08-15,769,291.88319257608333,3.7916666666666665
2014-08-16,694,292.7421064162917,2.625
2014-08-17,616,294.785478205625,2.6666666666666665
2014-08-18,806,294.35660227720837,2.75
2014-08-19,777,294.4391666666667,2.9166666666666665
2014-08-20,755,295.95875,1.9583333333333333
2014-08-21,780,295.64,2.5833333333333335
2014-08-22,834,293.8545833333333,2.0833333333333335
2014-08-23,641,293.279803129125,2.75
2014-08-24,619,293.53916666666663,2.5
2014-08-25,723,294.40791666666667,1.7916666666666667
2014-08-26,813,296.65125,2.0416666666666665
2014-08-27,721,297.19416666666666,2.625
2014-08-28,808,296.4991640313751,4.791666666666667
2014-08-29,910,292.6033333333333,3.2916666666666665
2014-08-30,654,292.65833333333336,2.25
2014-08-31,621,297.29625,3.875
2014-09-01,514,298.6458333333333,2.6666666666666665
2014-09-02,915,299.84166666666664,3.5833333333333335
2014-09-03,882,298.37083333333334,4.75
2014-09-04,890,296.08458333333334,2.5416666666666665
2014-09-05,879,297.12875,2.75
2014-09-06,684,298.95958333333334,3.25
2014-09-07,665,294.4360305525,3.0416666666666665
2014-09-08,856,292.2445833333333,3.25
2014-09-09,751,291.9841666666667,4.458333333333333
2014-09-10,800,293.4179166666667,3.375
2014-09-11,750,295.06375,3.7083333333333335
2014-09-12,932,293.1925,4.291666666666667
2014-09-13,775,289.27375,4.25
2014-09-14,626,288.1491329481667,2.9583333333333335
2014-09-15,787,287.91541666666666,2.7916666666666665
2014-09-16,839,288.8441666666667,2.375
2014-09-17,832,288.6875,2.5
2014-09-18,838,289.2029166666667,2.0
2014-09-19,954,288.10375,4.166666666666667
2014-09-20,744,290.18791666666664,3.25
2014-09-21,631,293.48893826725,1.5416666666666667
2014-09-22,796,291.88625,4.541666666666667
2014-09-23,844,287.15166666666664,2.5833333333333335
2014-09-24,819,288.97583333333336,2.6666666666666665
2014-09-25,762,289.39625,4.083333333333333
2014-09-26,960,290.63625,4.041666666666667
2014-09-27,820,292.43958333333336,2.125
2014-09-28,666,293.22499999999997,1.0416666666666667
2014-09-29,691,292.98625,2.125
2014-09-30,773,292.48625,2.25
2014-10-01,840,290.1225,3.375
2014-10-02,764,290.43625,3.1666666666666665
2014-10-03,1074,290.0670833333333,2.4166666666666665
2014-10-04,835,290.7029166666667,4.541666666666667
2014-10-05,666,284.24833333333333,5.75
2014-10-06,916,285.47208333333333,3.0
2014-10-07,861,291.4497660892917,4.458333333333333
2014-10-08,850,291.9433333333333,5.791666666666667
2014-10-09,860,288.25166666666667,4.833333333333333
2014-10-10,953,285.8896769729167,1.9583333333333333
2014-10-11,775,285.0991666666667,2.5
2014-10-12,799,283.48291666666665,1.875
2014-10-13,720,285.6429166666667,1.875
2014-10-14,899,292.6917496056667,2.75
2014-10-15,891,295.29041666666666,3.25
2014-10-16,914,293.78958333333327,4.791666666666667
2014-10-17,989,290.1716666666667,4.0
2014-10-18,806,289.0629166666667,4.375
2014-10-19,634,285.1047180932083,6.5
2014-10-20,819,281.0095833333333,3.3333333333333335
2014-10-21,944,286.115,1.7916666666666667
2014-10-22,929,285.83080654025,5.791666666666667
2014-10-23,1018,284.3225,6.208333333333333
2014-10-24,1073,286.115,5.041666666666667
2014-10-25,786,286.7191666666667,3.8333333333333335
2014-10-26,660,287.4216666666667,5.875
2014-10-27,934,285.71041666666673,4.291666666666667
2014-10-28,860,286.030006281625,2.0833333333333335
2014-10-29,876,288.23625,2.875
2014-10-30,974,283.077387442375,3.25
2014-10-31,1030,280.29749999999996,3.3333333333333335
2014-11-01,921,281.48999999999995,6.291666666666667
2014-11-02,696,279.77125294975,9.583333333333334
2014-11-03,978,281.01909222591667,5.791666666666667
2014-11-04,946,286.63721864945836,3.3333333333333335
2014-11-05,903,287.343748254,3.9583333333333335
2014-11-06,1069,282.75589348245836,1.9583333333333333
2014-11-07,1096,282.1001382028333,4.708333333333333
2014-11-08,865,277.41902237333335,3.3333333333333335
2014-11-09,611,282.01124402979167,3.5
2014-11-10,1006,280.76130452858337,1.7083333333333333
2014-11-11,894,283.2671853066667,1.625
2014-11-12,941,287.05520460095835,2.0416666666666665
2014-11-13,1147,279.1934508600834,3.2083333333333335
2014-11-14,1214,276.0796600871667,4.208333333333333
2014-11-15,852,273.107803519375,2.9166666666666665
2014-11-16,604,273.7228835541667,1.875
2014-11-17,1220,278.3660892744584,2.0833333333333335
2014-11-18,1062,275.00833971158335,7.5
2014-11-19,958,269.30265810145835,6.125
2014-11-20,1031,274.2434594860417,4.875
2014-11-21,1167,272.7159519887917,5.666666666666667
2014-11-22,775,271.9600061327083,3.5
2014-11-23,587,280.472470136,3.1666666666666665
2014-11-24,948,287.44973046879164,5.666666666666667
2014-11-25,957,287.69393694083334,4.75
2014-11-26,1663,277.848450102875,4.041666666666667
2014-11-27,808,275.12919049920833,2.7916666666666665
2014-11-28,839,273.06669872062497,4.083333333333333
2014-11-29,695,270.56543030666666,1.625
2014-11-30,605,278.4526536416667,2.6666666666666665
2014-12-01,889,282.887051533625,2.6666666666666665
2014-12-02,978,276.306767194625,5.208333333333333
2014-12-03,877,278.60930360625,3.5416666666666665
2014-12-04,854,277.16092903233334,4.375
2014-12-05,1087,274.9512204242083,3.8333333333333335
2014-12-06,926,278.5518206008333,1.7916666666666667
2014-12-07,657,277.1766798905,7.458333333333333
2014-12-08,814,270.81892379333334,6.25
2014-12-09,1252,275.98527562045837,7.125
2014-12-10,1589,276.72565605949995,5.458333333333333
2014-12-11,1181,273.7604166666667,6.416666666666667
2014-12-12,985,274.065,4.375
2014-12-13,869,275.9816666666666,5.375
2014-12-14,636,277.54321790679165,4.458333333333333
2014-12-15,1035,277.1909032980417,2.0833333333333335
2014-12-16,968,276.6508333333333,1.5833333333333333
2014-12-17,974,280.98890484279167,3.375
2014-12-18,920,277.38359418199997,6.5
2014-12-19,1030,275.4105718775417,5.125
2014-12-20,768,272.63086180808335,3.0833333333333335
2014-12-21,572,273.3980696798333,2.625
2014-12-22,886,275.58607852254164,2.875
2014-12-23,1088,280.293611179625,3.7083333333333335
2014-12-24,840,281.196107266,2.0
2014-12-25,323,284.6049094882083,5.583333333333333
2014-12-26,646,277.9602429905,2.7083333333333335
2014-12-27,578,277.46810696566666,1.5833333333333333
2014-12-28,462,278.5963778852083,1.9166666666666667
2014-12-29,653,276.74030793475,1.2083333333333333
2014-12-30,717,271.60857071712496,1.4583333333333333
2014-12-31,777,268.25919937225,2.0833333333333335
2015-01-01,518,268.98579790608335,3.1666666666666665
2015-01-02,669,274.04273160675,3.0833333333333335
2015-01-03,1549,270.72481434866665,1.7083333333333333
2015-01-04,618,278.20260220945835,2.375
2015-01-05,847,277.3934630940833,2.9583333333333335
2015-01-06,1081,266.86024551425004,1.8333333333333333
2015-01-07,1136,265.2189812202084,3.0
2015-01-08,1053,262.29356618575,2.4583333333333335
2015-01-09,1482,267.362663014875,3.625
2015-01-10,822,264.195725526625,2.625
2015-01-11,538,263.919110288625,1.5833333333333333
2015-01-12,1335,270.7908160732083,1.2083333333333333
2015-01-13,973,270.52579166666663,2.0416666666666665
2015-01-14,929,264.8702083333333,1.7083333333333333
2015-01-15,1020,266.6593564665416,1.375
2015-01-16,1134,269.032097851875,2.7916666666666665
2015-01-17,721,265.02691666666664,1.7916666666666667
2015-01-18,1771,269.96583333333336,1.25
2015-01-19,661,274.0238233773334,3.2083333333333335
2015-01-20,738,270.9278852287917,1.9583333333333333
2015-01-21,743,267.9446851055,1.2916666666666667
2015-01-22,727,270.48392904691667,1.0416666666666667
2015-01-23,958,269.12216090566665,1.4166666666666667
2015-01-24,848,272.10330874345834,1.875
2015-01-25,541,272.7383004150417,2.625
2015-01-26,997,267.871968207,2.5416666666666665
2015-01-27,663,269.21012870016665,4.083333333333333
2015-01-28,861,266.7009603695833,2.6666666666666665
2015-01-29,967,263.342044711625,1.2083333333333333
2015-01-30,1176,271.39545843241666,2.375
2015-01-31,791,266.14717373620834,4.833333333333333
2015-02-01,581,266.7994881422083,1.4583333333333333
2015-02-02,1139,272.469115420375,1.9166666666666667
2015-02-03,1239,266.7576838159584,3.4166666666666665
2015-02-04,954,266.45741177633334,1.625
2015-02-05,1018,270.2580575030417,2.875
2015-02-06,1046,262.68602066525,2.5
2015-02-07,752,265.3531486174583,1.5833333333333333
2015-02-08,740,271.10836379445834,0.9166666666666666
2015-02-09,979,274.4342051887916,1.875
2015-02-10,846,273.42366666666663,2.4583333333333335
2015-02-11,899,269.08164029949995,2.0416666666666665
2015-02-12,947,268.1202032697917,1.2916666666666667
2015-02-13,1272,264.28300859154166,3.2083333333333335
2015-02-14,1021,262.12297881783337,1.4583333333333333
2015-02-15,933,264.46518692583334,5.125
2015-02-16,986,261.224125629375,3.9166666666666665
2015-02-17,898,263.13480674170836,1.2083333333333333
2015-02-18,937,261.1628532152083,0.9166666666666666
2015-02-19,1007,263.34822177216665,2.9583333333333335
2015-02-20,1128,259.2875918015,3.2083333333333335
2015-02-21,1125,259.01975,1.7083333333333333
2015-02-22,686,274.1554697931667,1.125
2015-02-23,816,269.419462099375,2.75
2015-02-24,772,259.83265312233334,1.5
2015-02-25,923,264.65571700695835,2.25
2015-02-26,706,264.5324709505,1.875
2015-02-27,957,265.4503372231666,2.0833333333333335
2015-02-28,669,262.48808341524995,1.4583333333333333
2015-03-01,1208,263.164309095875,1.0
2015-03-02,939,271.58200029395834,2.5833333333333335
2015-03-03,1020,267.1465,2.0
2015-03-04,860,275.8418502640416,3.25
2015-03-05,1073,272.72916569862497,3.1666666666666665
2015-03-06,1146,265.5362154725,3.625
2015-03-07,639,267.93667289395836,3.5833333333333335
2015-03-08,533,276.0002686862917,4.041666666666667
2015-03-09,755,277.0981979567917,3.375
2015-03-10,720,275.53801989116664,1.375
2015-03-11,722,279.45375566804165,2.0833333333333335
2015-03-12,691,276.06666666666666,3.6666666666666665
2015-03-13,777,272.94114583333334,2.0833333333333335
2015-03-14,618,277.38631250000003,1.625
2015-03-15,509,278.08310416666666,4.083333333333333
2015-03-16,665,276.8176875,2.7083333333333335
2015-03-17,661,279.58633333333336,3.0833333333333335
2015-03-18,765,273.77125,6.208333333333333
2015-03-19,699,273.26287499999995,3.125
2015-03-20,969,272.2457835828333,2.0833333333333335
2015-03-21,751,273.18454609316666,2.0833333333333335
2015-03-22,535,274.0783333333333,3.8333333333333335
2015-03-23,683,271.50558333333333,2.75
2015-03-24,740,271.83691666666664,1.7916666666666667
2015-03-25,700,273.61629166666665,1.75
2015-03-26,716,279.5271875,2.2083333333333335
2015-03-27,748,279.71310416666665,2.7916666666666665
2015-03-28,649,275.01641666666666,3.4583333333333335
2015-03-29,622,273.5737786263333,2.9166666666666665
2015-03-30,648,276.4318074040834,3.0
2015-03-31,710,278.55914583333333,3.2083333333333335
2015-04-01,775,276.28004166666665,2.625
2015-04-02,774,278.69710416666663,2.7083333333333335
2015-04-03,663,287.5108125,4.25
2015-04-04,648,282.8135,4.583333333333333
2015-04-05,490,280.23175,3.6666666666666665
2015-04-06,744,282.13514583333335,1.75
2015-04-07,550,285.92002083333335,2.1666666666666665
2015-04-08,588,279.0449375,4.0
2015-04-09,566,277.9091875,3.2083333333333335
2015-04-10,652,281.00666666666666,1.875
2015-04-11,654,284.114875,3.7083333333333335
2015-04-12,547,281.5782708333333,1.9583333333333333
2015-04-13,708,283.2476041666667,2.25
2015-04-14,626,287.67379166666666,3.125
2015-04-15,725,284.760875,2.5
2015-04-16,725,284.467625,2.25
2015-04-17,803,286.65693749999997,2.875
2015-04-18,738,288.552125,2.0
2015-04-19,530,286.9401666666667,3.1666666666666665
2015-04-20,693,283.4365833333333,4.208333333333333
2015-04-21,726,286.25513901158337,2.7083333333333335
2015-04-22,645,283.49636514754167,2.75
2015-04-23,713,280.3200174065833,3.375
2015-04-24,758,278.02360748254165,3.4166666666666665
2015-04-25,697,279.4518898466667,2.2083333333333335
2015-04-26,500,282.70563386675,1.4166666666666667
2015-04-27,603,283.3932336675834,2.4166666666666665
2015-04-28,690,285.9750387376667,3.2083333333333335
2015-04-29,808,289.58968924666664,2.125
2015-04-30,766,287.6616827122917,2.2916666666666665
2015-05-01,833,285.3032962103333,1.25
2015-05-02,730,286.656503948375,0.7916666666666666
2015-05-03,623,289.5149429878333,0.875
2015-05-04,711,292.64334573958337,1.7083333333333333
2015-05-05,726,297.15481379275,2.0833333333333335
2015-05-06,718,291.62344466145834,1.0
2015-05-07,794,292.2338168725,0.7916666666666666
2015-05-08,943,294.2868449255,1.25
2015-05-09,701,292.2282163989167,1.5
2015-05-10,634,294.01982735666667,1.6666666666666667
2015-05-11,766,296.31412823704164,1.9583333333333333
2015-05-12,770,296.05027820070836,2.3333333333333335
2015-05-13,728,291.9082835795833,3.3333333333333335
2015-05-14,790,288.67693852708334,1.875
2015-05-15,892,288.90504333558334,1.3333333333333333
2015-05-16,731,292.6540637045,1.7916666666666667
2015-05-17,666,294.14706759308336,0.9166666666666666
2015-05-18,705,294.037801978375,1.6666666666666667
2015-05-19,738,289.89086218895835,1.2916666666666667
2015-05-20,764,289.84256450341667,2.5416666666666665
2015-05-21,754,285.53341243516667,1.5416666666666667
2015-05-22,892,287.14754788254163,2.0416666666666665
2015-05-23,676,285.67860336483335,2.2083333333333335
2015-05-24,573,288.59845829195837,2.125
2015-05-25,589,292.37836460841663,2.4166666666666665
2015-05-26,870,296.3771968024167,3.375
2015-05-27,887,296.2233333333333,3.7083333333333335
2015-05-28,788,295.15495833333335,2.25
2015-05-29,950,293.56266666666664,1.25
2015-05-30,787,294.0129505836667,2.625
2015-05-31,660,295.5947628717083,3.625
2015-06-01,862,287.3779166666667,4.916666666666667
2015-06-02,826,284.2870833333333,3.2916666666666665
2015-06-03,861,287.0883333333333,2.25
2015-06-04,796,287.59141666666665,2.125
2015-06-05,892,288.9269583333333,1.5833333333333333
2015-06-06,807,291.15654166666667,2.125
2015-06-07,688,290.7302916666667,2.375
2015-06-08,775,292.35037500000004,4.083333333333333
2015-06-09,827,295.39875,3.9583333333333335
2015-06-10,917,295.1433333333334,3.0
2015-06-11,818,297.977,2.6666666666666665
2015-06-12,927,297.25870833333335,1.7083333333333333
2015-06-13,774,298.9639583333333,2.3333333333333335
2015-06-14,697,296.4525833333333,1.2083333333333333
2015-06-15,812,295.55025,3.0
2015-06-16,820,293.7866666666667,2.4166666666666665
2015-06-17,859,295.3320833333333,3.625
2015-06-18,762,292.70683333333335,2.375
2015-06-19,899,294.2943333333333,1.9166666666666667
2015-06-20,771,292.87283333333335,2.5
2015-06-21,691,295.230125,2.75
2015-06-22,906,296.486625,2.5416666666666665
2015-06-23,855,298.78479166666665,3.3333333333333335
2015-06-24,884,295.84970833333335,2.7083333333333335
2015-06-25,856,295.8632916666666,2.5
2015-06-26,981,295.6566666666667,2.4166666666666665
2015-06-27,805,292.65458333333333,3.2083333333333335
2015-06-28,635,290.575,3.8333333333333335
2015-06-29,750,293.56083333333333,3.0416666666666665
2015-06-30,750,295.0004166666667,2.7916666666666665
2015-07-01,816,296.7341666666667,3.875
2015-07-02,823,295.5783333333333,1.7916666666666667
2015-07-03,805,294.79291666666666,1.4583333333333333
2015-07-04,577,294.27791666666667,2.5416666666666665
2015-07-05,642,295.1933333333333,1.8333333333333333
2015-07-06,773,296.46583333333336,2.4166666666666665
2015-07-07,832,298.69916666666666,3.1666666666666665
2015-07-08,763,298.7295833333333,2.9166666666666665
2015-07-09,785,295.77833333333336,1.3333333333333333
2015-07-10,938,296.7554166666667,3.3333333333333335
2015-07-11,762,296.96583333333336,1.4583333333333333
2015-07-12,657,297.5925,2.1666666666666665
2015-07-13,832,297.9975,2.625
2015-07-14,841,296.45374999999996,2.8333333333333335
2015-07-15,764,297.3041666666666,2.1666666666666665
2015-07-16,819,294.4954166666667,2.9583333333333335
2015-07-17,883,294.3283333333333,3.0416666666666665
2015-07-18,696,297.2654166666667,3.0
2015-07-19,659,300.78541666666666,2.2083333333333335
2015-07-20,814,302.52708333333334,2.625
2015-07-21,788,300.0475,1.8333333333333333
2015-07-22,802,296.40416666666664,4.125
2015-07-23,836,295.70875,2.5
2015-07-24,927,296.15666666666664,2.2916666666666665
2015-07-25,716,296.55291666666665,1.7916666666666667
2015-07-26,624,298.1775,3.5416666666666665
2015-07-27,798,298.3754166666667,2.4166666666666665
2015-07-28,795,299.57458333333335,1.4583333333333333
2015-07-29,794,301.00333333333333,1.7916666666666667
2015-07-30,802,299.7158333333333,3.4166666666666665
2015-07-31,998,298.8654166666667,2.5833333333333335
2015-08-01,747,298.8308333333334,2.6666666666666665
2015-08-02,700,298.065,2.3333333333333335
2015-08-03,834,298.83708333333334,3.4166666666666665
2015-08-04,757,299.34499999999997,4.291666666666667
2015-08-05,782,297.5216666666667,2.75
2015-08-06,777,295.6070833333333,2.375
2015-08-07,881,296.15458333333333,3.0833333333333335
2015-08-08,633,295.40833333333336,2.625
2015-08-09,660,296.0083333333333,2.4166666666666665
2015-08-10,803,295.85291666666666,2.4166666666666665
2015-08-11,770,296.18125000000003,3.6666666666666665
2015-08-12,765,296.5975,2.9583333333333335
2015-08-13,881,295.75874999999996,2.4166666666666665
2015-08-14,887,295.9504166666666,1.7916666666666667
2015-08-15,700,298.5308333333333,2.5
2015-08-16,611,299.5254166666667,3.0416666666666665
2015-08-17,714,300.1429166666667,2.6666666666666665
2015-08-18,702,300.1154166666667,3.125
2015-08-19,710,298.995,2.8333333333333335
2015-08-20,772,298.9691666666667,4.458333333333333
2015-08-21,927,298.15625,3.5416666666666665
2015-08-22,722,296.36333333333334,2.2083333333333335
2015-08-23,592,295.35083333333336,2.1666666666666665
2015-08-24,708,297.02125,1.9583333333333333
2015-08-25,703,298.9508333333333,2.7083333333333335
2015-08-26,714,295.51666666666665,2.7083333333333335
2015-08-27,725,294.2725,2.7916666666666665
2015-08-28,809,293.3958333333333,2.75
2015-08-29,675,294.84041666666667,1.75
2015-08-30,615,297.1975,2.7916666666666665
2015-08-31,744,299.52625,2.6666666666666665
2015-09-01,705,299.4027887710417,2.2916666666666665
2015-09-02,782,298.24333333333334,1.625
2015-09-03,818,299.2241666666667,2.0833333333333335
2015-09-04,861,298.44916666666666,2.6666666666666665
2015-09-05,696,295.8358333333333,2.7916666666666665
2015-09-06,566,294.49916666666667,1.7083333333333333
2015-09-07,580,296.6141666666667,2.4166666666666665
2015-09-08,895,300.1091666666667,2.75
2015-09-09,865,299.7325,2.5833333333333335
2015-09-10,931,296.52208333333334,2.7083333333333335
2015-09-11,913,294.78000000000003,3.8333333333333335
2015-09-12,745,294.18541666666664,2.375
2015-09-13,576,294.39375,3.5833333333333335
2015-09-14,729,290.95708333333334,4.125
2015-09-15,829,293.0054166666667,2.4583333333333335
2015-09-16,894,294.67583333333334,1.5416666666666667
2015-09-17,857,295.5083333333333,1.9583333333333333
2015-09-18,938,295.4275,2.2916666666666665
2015-09-19,747,294.8016666666667,2.6666666666666665
2015-09-20,623,295.15124999999995,3.5416666666666665
2015-09-21,732,290.55,3.4166666666666665
2015-09-22,724,291.17833333333334,3.1666666666666665
2015-09-23,783,291.5491666666667,2.5416666666666665
2015-09-24,902,291.7675,2.4583333333333335
2015-09-25,813,292.0625,3.4583333333333335
2015-09-26,709,290.49532382658333,3.8333333333333335
2015-09-27,569,289.06666666666666,3.1666666666666665
2015-09-28,709,292.7916666666667,2.2083333333333335
2015-09-29,889,295.61708333333337,2.3333333333333335
2015-09-30,843,295.535,3.75
2015-10-01,873,287.74291666666664,4.791666666666667
2015-10-02,939,284.33208333333334,5.0
2015-10-03,696,282.8291666666667,6.291666666666667
2015-10-04,650,286.06333333333333,5.958333333333333
2015-10-05,780,286.4141666666667,3.1666666666666665
2015-10-06,840,287.32625,2.3333333333333335
2015-10-07,798,289.4533333333333,2.0833333333333335
2015-10-08,899,288.85041666666666,2.2916666666666665
2015-10-09,1048,290.7633333333333,3.4583333333333335
2015-10-10,817,287.6466666666667,2.625
2015-10-11,700,285.5625,2.375
2015-10-12,818,288.37208333333336,2.75
2015-10-13,909,289.5833333333333,2.625
2015-10-14,839,289.0525,2.9583333333333335
2015-10-15,941,285.61583333333334,3.0416666666666665
2015-10-16,972,285.9591666666667,3.8333333333333335
2015-10-17,751,282.40875,3.4166666666666665
2015-10-18,703,277.6366666666667,3.4583333333333335
2015-10-19,879,277.1041666666667,2.7083333333333335
2015-10-20,865,284.84208333333333,3.5
2015-10-21,875,289.135,2.4166666666666665
2015-10-22,821,288.88416666666666,2.9166666666666665
2015-10-23,1042,287.74708333333336,3.8333333333333335
2015-10-24,705,280.74875000000003,2.9583333333333335
2015-10-25,637,287.26375,3.7083333333333335
2015-10-26,930,282.81333333333333,3.125
2015-10-27,851,281.31498862108333,1.9583333333333333
2015-10-28,1050,286.02444153650003,4.208333333333333
2015-10-29,1061,292.1753826849583,5.666666666666667
2015-10-30,1090,285.37757539616666,4.875
2015-10-31,754,280.8711411629167,2.6666666666666665
2015-11-01,671,285.20649298,3.4166666666666665
2015-11-02,869,286.247757402125,2.0833333333333335
2015-11-03,956,285.89007164437504,1.625
2015-11-04,1037,287.1626592352083,1.7916666666666667
2015-11-05,935,288.32349154958337,1.4583333333333333
2015-11-06,1014,292.812259120875,3.25
2015-11-07,699,290.60457803275,3.2916666666666665
2015-11-08,685,283.91668410470834,3.2916666666666665
2015-11-09,950,280.83190767087495,1.25
2015-11-10,1073,285.07765343666665,3.25
2015-11-11,805,284.84728122975,5.0
2015-11-12,951,285.4551852027083,2.4166666666666665
2015-11-13,951,285.9348527685,7.458333333333333
2015-11-14,775,281.138198280375,6.708333333333333
2015-11-15,628,279.93925750079165,3.9583333333333335
2015-11-16,892,284.84781614691667,2.9166666666666665
2015-11-17,911,281.092431341625,3.5416666666666665
2015-11-18,894,280.80969722225,2.5833333333333335
2015-11-19,1033,288.0405577235,4.208333333333333
2015-11-20,1124,286.9156846737083,4.5
2015-11-21,748,278.9172897159167,3.5416666666666665
2015-11-22,610,282.2297260585833,3.7083333333333335
2015-11-23,1098,277.4274672672083,6.333333333333333
2015-11-24,1021,274.476332782625,2.875
2015-11-25,968,276.90433442066666,1.9583333333333333
2015-11-26,603,279.2940921555,1.9166666666666667
2015-11-27,766,283.2710260115,2.5
2015-11-28,656,285.066043978,2.5833333333333335
2015-11-29,604,279.02656720475,3.4166666666666665
2015-11-30,815,276.202791789125,4.833333333333333
2015-12-01,1052,279.930061408625,2.4583333333333335
2015-12-02,978,281.871011372375,1.7916666666666667
2015-12-03,864,282.66788487795833,5.0
2015-12-04,938,280.329213661,3.6666666666666665
2015-12-05,756,277.9053591466666,1.875
2015-12-06,639,277.23800663616663,1.9583333333333333
2015-12-07,834,278.5235176158333,2.0
2015-12-08,818,279.103517968125,3.625
2015-12-09,815,277.94025209420835,1.4583333333333333
2015-12-10,914,284.202380661625,2.0
2015-12-11,915,282.5064997205416,2.1666666666666665
2015-12-12,691,285.14220814745835,1.7916666666666667
2015-12-13,592,286.6318390287083,1.3333333333333333
2015-12-14,806,285.93991544245836,2.125
2015-12-15,871,288.62320631016667,6.041666666666667
2015-12-16,882,282.68259816875,4.666666666666667
2015-12-17,1065,283.83034162354164,1.7083333333333333
2015-12-18,999,282.66614911466667,3.6666666666666665
2015-12-19,824,275.735648013125,7.083333333333333
2015-12-20,609,276.126132188125,4.125
2015-12-21,821,278.10718194912505,3.0416666666666665
2015-12-22,1025,284.8852900849167,2.625
2015-12-23,1160,284.2498013309167,1.7916666666666667
2015-12-24,839,290.612331413125,3.5833333333333335
2015-12-25,409,287.025874114875,1.2916666666666667
2015-12-26,531,284.64074163262495,3.1666666666666665
2015-12-27,576,283.7694490349583,3.2083333333333335
2015-12-28,869,278.96354498666665,4.5
2015-12-29,906,276.2624280617917,5.083333333333333
2015-12-30,694,277.663849956875,1.6666666666666667
2015-12-31,674,280.3005914595,2.75
2016-01-01,654,277.48444124475,4.708333333333333
2016-01-02,620,274.79726808595836,4.333333333333333
2016-01-03,554,275.19656021554164,3.625
2016-01-04,920,272.2278002809583,5.625
2016-01-05,877,264.8667233630417,5.75
2016-01-06,901,269.5330539360833,1.9166666666666667
2016-01-07,774,273.0520469521667,1.75
2016-01-08,893,275.1849077775833,2.75
2016-01-09,572,278.6241980713333,2.5416666666666665
2016-01-10,608,283.28079986125,4.583333333333333
2016-01-11,836,275.1580704512917,8.291666666666666
2016-01-12,1069,271.22210229691666,3.0
2016-01-13,924,270.2955413903333,8.375
2016-01-14,897,270.22842485583334,4.25
2016-01-15,966,275.80214145241666,1.7083333333333333
2016-01-16,694,279.65755900179164,4.083333333333333
2016-01-17,601,275.7160933102917,3.25
2016-01-18,867,269.79034813579165,5.875
2016-01-19,953,266.844491312625,8.166666666666666
2016-01-20,761,271.937436581125,4.5
2016-01-21,875,272.09342157354166,4.541666666666667
2016-01-22,914,269.0801383184583,4.25
2016-01-23,718,269.99606321245835,7.75
2016-01-24,622,270.1779188605833,5.083333333333333
2016-01-25,833,270.63977876508335,1.375
2016-01-26,811,273.82555359779167,3.125
2016-01-27,827,278.50090652116666,4.0
2016-01-28,844,272.83587141858334,2.375
2016-01-29,848,274.402206287625,2.8333333333333335
2016-01-30,685,272.7789883459167,3.6666666666666665
2016-01-31,548,277.5530858582917,2.5833333333333335
2016-02-01,711,279.97385905766663,2.75
2016-02-02,754,278.289913146375,2.625
2016-02-03,712,279.751273437375,3.0416666666666665
2016-02-04,714,284.30509297175,3.4166666666666665
2016-02-05,1080,276.36171861279166,5.041666666666667
2016-02-06,613,273.00624999999997,2.7916666666666665
2016-02-07,476,274.77208333333334,1.9166666666666667
2016-02-08,687,275.15541666666667,4.75
2016-02-09,872,271.715,3.2083333333333335
2016-02-10,897,273.829365117125,3.8333333333333335
2016-02-11,961,269.79426911341665,7.166666666666667
2016-02-12,1024,266.076361805,4.625
2016-02-13,952,266.0413988320417,6.291666666666667
2016-02-14,757,259.2146018565417,5.75
2016-02-15,980,264.03145762575,2.2083333333333335
2016-02-16,1287,278.9961768845,4.25
2016-02-17,633,276.65710680341664,3.3333333333333335
2016-02-18,744,273.1058162147917,5.083333333333333
2016-02-19,677,270.59215824591666,2.6666666666666665
2016-02-20,621,280.62680664320834,4.083333333333333
2016-02-21,447,282.3969112745,2.875
2016-02-22,707,279.3845458770833,2.9583333333333335
2016-02-23,686,275.7030661554583,3.6666666666666665
2016-02-24,784,277.5905984749583,5.25
2016-02-25,851,284.6294199853333,7.0
2016-02-26,866,274.8244684029167,7.083333333333333
2016-02-27,658,272.44809729154167,4.083333333333333
2016-02-28,550,279.658571598,5.083333333333333
2016-02-29,661,282.34978418733334,5.333333333333333
2016-03-01,672,280.14001437020835,4.416666666666667
2016-03-02,759,280.43812734320835,7.208333333333333
2016-03-03,669,271.94551296312505,4.958333333333333
2016-03-04,826,273.1390692223333,3.5416666666666665
2016-03-05,568,273.4621789929167,3.4166666666666665
2016-03-06,515,274.437879368375,2.375
2016-03-07,641,278.10775858016666,3.625
2016-03-08,669,284.5082068837917,1.875
2016-03-09,716,285.57796645724994,2.2083333333333335
2016-03-10,674,292.5159858453333,4.041666666666667
2016-03-11,743,289.17365146579164,4.416666666666667
2016-03-12,689,281.8465956867083,3.4583333333333335
2016-03-13,473,285.16767582425,3.0416666666666665
2016-03-14,763,281.3539595779584,4.458333333333333
2016-03-15,754,281.794440199625,4.708333333333333
2016-03-16,791,284.35211270520836,1.7083333333333333
2016-03-17,763,284.01937434175,3.5
2016-03-18,768,282.48352017587496,5.291666666666667
2016-03-19,636,278.0931527645417,3.5833333333333335
2016-03-20,486,275.9337038049584,3.5416666666666665
2016-03-21,734,276.55402557925,4.375
2016-03-22,764,278.49942964129167,4.75
2016-03-23,678,285.5694470739583,4.708333333333333
2016-03-24,763,282.78816875729166,3.6666666666666665
2016-03-25,738,285.6773873760417,3.3333333333333335
2016-03-26,657,280.6962408206667,4.833333333333333
2016-03-27,515,280.38822388666665,2.7916666666666665
2016-03-28,740,281.37070606341666,3.8333333333333335
2016-03-29,767,282.20460159124997,9.166666666666666
2016-03-30,713,279.46707307566663,3.9166666666666665
2016-03-31,711,286.0013046309583,5.458333333333333
2016-04-01,849,291.79147037179166,5.541666666666667
2016-04-02,652,285.954528855875,3.125
2016-04-03,801,277.819018573375,8.583333333333334
2016-04-04,1475,276.3145647026667,3.6666666666666665
2016-04-05,825,273.0052393915,6.708333333333333
2016-04-06,751,275.3787799590833,3.625
2016-04-07,773,283.3562255827083,5.625
2016-04-08,814,281.19719518412495,5.875
2016-04-09,720,275.8022386486667,2.8333333333333335
2016-04-10,541,276.7419098422083,4.791666666666667
2016-04-11,678,282.5008895206667,4.25
2016-04-12,785,284.8693723315417,4.0
2016-04-13,823,280.80317179375,3.75
2016-04-14,815,281.7073355287083,2.0416666666666665
2016-04-15,950,282.67985301175,1.9583333333333333
2016-04-16,787,283.88779129791664,2.9583333333333335
2016-04-17,680,285.25810730891664,1.8333333333333333
2016-04-18,859,289.4054455903334,1.875
2016-04-19,873,290.5759031907917,5.0
2016-04-20,874,287.45542844749997,4.5
2016-04-21,797,286.0395833333333,3.2083333333333335
2016-04-22,836,293.3650443415833,3.1666666666666665
2016-04-23,707,291.238675005625,3.7916666666666665
2016-04-24,539,286.0490841000416,4.166666666666667
2016-04-25,649,286.723143933625,2.4583333333333335
2016-04-26,652,286.25432215337497,2.875
2016-04-27,710,283.3811715310417,3.0416666666666665
2016-04-28,609,283.8556072567083,3.625
2016-04-29,684,283.22291666666666,3.9583333333333335
2016-04-30,702,283.8475,2.375
2016-05-01,602,282.4391666666667,2.5416666666666665
2016-05-02,699,282.5975,2.2083333333333335
2016-05-03,884,284.94125,2.5833333333333335
2016-05-04,817,283.27791666666667,2.875
2016-05-05,757,283.29833333333335,3.7916666666666665
2016-05-06,873,283.73333333333335,3.7916666666666665
2016-05-07,754,283.80875000000003,2.7916666666666665
2016-05-08,625,285.68541666666664,3.5833333333333335
2016-05-09,740,287.855,4.375
2016-05-10,786,286.76916666666665,3.375
2016-05-11,895,288.47208333333333,2.5
2016-05-12,898,290.96958333333333,2.5833333333333335
2016-05-13,1006,289.08125,2.0416666666666665
2016-05-14,773,290.2920833333333,3.2916666666666665
2016-05-15,611,285.14958333333334,5.458333333333333
2016-05-16,817,283.26875,6.416666666666667
2016-05-17,765,287.53375,3.5833333333333335
2016-05-18,806,286.9845833333333,2.875
2016-05-19,870,288.5275,2.2083333333333335
2016-05-20,1038,289.3375,2.75
2016-05-21,813,288.2891666666667,3.0
2016-05-22,711,288.0833333333333,2.8333333333333335
2016-05-23,891,290.1579166666667,2.25
2016-05-24,873,290.74083333333334,2.25
2016-05-25,941,294.2166666666667,2.2083333333333335
2016-05-26,936,297.6479166666667,2.7916666666666665
2016-05-27,1026,297.19624999999996,3.4166666666666665
2016-05-28,887,298.49666666666667,3.25
2016-05-29,751,298.0291666666667,2.9166666666666665
2016-05-30,618,295.9320833333333,3.375
2016-05-31,948,296.8595833333333,2.7083333333333335
2016-06-01,992,295.955,2.9166666666666665
2016-06-02,868,293.03625000000005,3.875
2016-06-03,928,291.43833333333333,1.7916666666666667
2016-06-04,816,294.94083333333333,1.9166666666666667
2016-06-05,673,293.2054166666666,2.5
2016-06-06,938,295.45875,3.5
2016-06-07,936,296.97291666666666,3.6666666666666665
2016-06-08,916,290.0683333333333,4.166666666666667
2016-06-09,931,289.57125,4.875
2016-06-10,1097,291.22791666666666,3.7916666666666665
2016-06-11,781,293.45375,2.875
2016-06-12,757,298.72208333333333,4.416666666666667
2016-06-13,780,291.49916666666667,4.666666666666667
2016-06-14,937,292.87625,3.0
2016-06-15,966,294.97766666666666,1.375
2016-06-16,969,294.2191666666667,1.2083333333333333
2016-06-17,1029,293.52875,1.4166666666666667
2016-06-18,863,293.7695833333333,1.1666666666666667
2016-06-19,749,295.97375,2.4583333333333335
2016-06-20,965,295.1366666666667,2.7916666666666665
2016-06-21,947,298.5079166666667,2.375
2016-06-22,950,297.07750000000004,2.0416666666666665
2016-06-23,773,295.5758333333333,1.6666666666666667
2016-06-24,1066,295.93583333333333,3.5416666666666665
2016-06-25,844,295.39375,2.7083333333333335
2016-06-26,756,296.0416666666667,2.3333333333333335
2016-06-27,837,296.0258333333333,3.6666666666666665
2016-06-28,776,295.1429166666667,2.875
2016-06-29,781,296.1358333333333,2.5833333333333335
2016-06-30,962,296.4370833333333,2.3333333333333335
2016-07-01,949,295.98375,2.875
2016-07-02,770,294.71250000000003,4.0
2016-07-03,611,294.78208333333333,2.2916666666666665
2016-07-04,701,295.81583333333333,3.0
2016-07-05,869,297.15500000000003,2.7916666666666665
2016-07-06,851,300.6245833333333,2.0
2016-07-07,802,300.25333333333333,2.2916666666666665
2016-07-08,886,298.51375,2.5833333333333335
2016-07-09,620,293.50333333333333,2.9166666666666665
2016-07-10,672,295.2708333333333,3.2083333333333335
2016-07-11,872,295.32916666666665,2.7083333333333335
2016-07-12,866,295.82958333333335,3.0
2016-07-13,857,297.2708333333333,3.4583333333333335
2016-07-14,965,297.308,2.375
2016-07-15,1031,298.373,2.6666666666666665
2016-07-16,765,296.67354166666667,1.0416666666666667
2016-07-17,752,296.1345,1.375
2016-07-18,874,297.51475,1.9583333333333333
2016-07-19,866,299.388,3.0
2016-07-20,843,299.89958333333334,2.75
2016-07-21,974,298.0756666666667,2.7083333333333335
2016-07-22,947,300.56333333333333,4.5
2016-07-23,785,303.2895833333334,4.458333333333333
2016-07-24,642,300.93,3.125
2016-07-25,855,300.2004166666667,3.1666666666666665
2016-07-26,901,299.1666666666667,2.75
2016-07-27,892,300.12583333333333,2.625
2016-07-28,821,300.18416666666667,2.4166666666666665
2016-07-29,936,297.90291666666667,3.3333333333333335
2016-07-30,800,297.59625,1.9583333333333333
2016-07-31,652,297.0708333333333,2.7916666666666665
2016-08-01,738,295.84083333333336,2.75
2016-08-02,797,295.82,3.0416666666666665
2016-08-03,835,294.8675,1.9583333333333333
2016-08-04,880,295.5445833333333,1.375
2016-08-05,941,296.5495833333333,2.0833333333333335
2016-08-06,758,298.9995833333333,2.6666666666666665
2016-08-07,731,298.94875,2.3333333333333335
2016-08-08,832,298.11541666666665,1.7083333333333333
2016-08-09,860,298.30670833333335,1.4583333333333333
2016-08-10,758,299.2914583333333,2.6666666666666665
2016-08-11,889,301.90458333333333,1.1666666666666667
2016-08-12,937,301.18125000000003,1.7083333333333333
2016-08-13,749,302.8620833333334,2.2916666666666665
2016-08-14,587,303.675,2.5
2016-08-15,750,300.9433333333333,1.375
2016-08-16,810,300.8675,1.625
2016-08-17,783,300.1475,3.375
2016-08-18,783,298.62125,0.875
2016-08-19,980,299.2245833333333,1.3333333333333333
2016-08-20,745,298.63416666666666,2.0833333333333335
2016-08-21,650,298.81916666666666,4.208333333333333
2016-08-22,816,296.22833333333335,6.666666666666667
2016-08-23,875,293.78458333333333,3.2916666666666665
2016-08-24,802,296.2958333333333,3.0833333333333335
2016-08-25,850,297.06166666666667,4.875
2016-08-26,896,300.0516666666667,3.875
2016-08-27,748,298.8208333333334,3.9166666666666665
2016-08-28,682,297.6504166666667,2.875
2016-08-29,771,299.1933333333333,4.0
2016-08-30,805,297.09458333333333,3.9166666666666665
2016-08-31,765,298.09499999999997,3.3333333333333335
2016-09-01,866,296.3138942939167,2.5416666666666665
2016-09-02,918,294.8258333333334,4.416666666666667
2016-09-03,651,293.9479166666667,4.333333333333333
2016-09-04,590,293.63375,4.666666666666667
2016-09-05,546,294.4925,4.916666666666667
2016-09-06,901,297.62875,5.583333333333333
2016-09-07,847,297.4004166666667,4.5
2016-09-08,871,297.9529166666667,3.0833333333333335
2016-09-09,886,301.58375,2.8333333333333335
2016-09-10,712,300.1745833333334,2.9583333333333335
2016-09-11,621,299.43666666666667,4.541666666666667
2016-09-12,893,293.24458333333337,3.8333333333333335
2016-09-13,1029,293.5645833333333,3.1666666666666665
2016-09-14,882,296.85625,3.125
2016-09-15,1032,293.15500000000003,4.375
2016-09-16,1040,290.80875,2.9583333333333335
2016-09-17,828,291.19166666666666,2.9583333333333335
2016-09-18,621,295.90749999999997,4.083333333333333
2016-09-19,905,295.85375,1.6666666666666667
2016-09-20,826,295.45625,1.5833333333333333
2016-09-21,815,294.196125,1.6666666666666667
2016-09-22,913,294.65333333333336,1.4166666666666667
2016-09-23,957,293.691713888875,1.2916666666666667
2016-09-24,804,291.87166666666667,2.875
2016-09-25,746,288.678906895375,2.4166666666666665
2016-09-26,857,288.3286436265833,2.625
2016-09-27,836,293.30583333333334,3.2916666666666665
2016-09-28,796,290.08509343099996,3.1666666666666665
2016-09-29,761,288.9973627194167,6.25
2016-09-30,1118,288.1191666666667,6.0
2016-10-01,761,287.67563724837504,4.666666666666667
2016-10-02,593,288.13625,2.25
2016-10-03,708,290.9195833333333,1.0416666666666667
2016-10-04,740,290.69493617020834,2.5833333333333335
2016-10-05,919,288.93611164979166,2.6666666666666665
2016-10-06,988,287.793304254375,0.875
2016-10-07,1022,288.8104583333334,1.2916666666666667
2016-10-08,730,290.00983333333335,1.75
2016-10-09,586,288.7765,3.9583333333333335
2016-10-10,800,285.91929166666665,5.875
2016-10-11,930,284.96408333333335,2.25
2016-10-12,820,286.2998424457917,1.75
2016-10-13,1000,288.035375,1.7916666666666667
2016-10-14,1074,286.23970833333334,3.4166666666666665
2016-10-15,847,284.5069558544167,2.0416666666666665
2016-10-16,684,287.925090858625,3.0
2016-10-17,818,292.3714166666667,2.4166666666666665
2016-10-18,871,293.56041666666664,2.5416666666666665
2016-10-19,886,295.80512500000003,1.7916666666666667
2016-10-20,895,294.279875,3.2083333333333335
2016-10-21,1201,292.76779166666665,2.125
2016-10-22,816,286.732875,4.041666666666667
2016-10-23,678,283.79716666666667,6.125
2016-10-24,842,285.5024583333333,3.9166666666666665
2016-10-25,856,282.7574583333334,4.75
2016-10-26,918,279.91900000000004,3.125
2016-10-27,1412,280.03766666666667,3.375
2016-10-28,1069,283.89658333333335,5.25
2016-10-29,743,282.42058333333335,3.2083333333333335
2016-10-30,755,290.0398333333333,2.25
2016-10-31,966,282.01716666666664,3.5416666666666665
2016-11-01,976,281.51375,1.9166666666666667
2016-11-02,932,287.4633333333333,1.7916666666666667
2016-11-03,963,289.54791666666665,2.25
2016-11-04,1136,286.59375,3.5416666666666665
2016-11-05,796,282.33458333333334,2.9166666666666665
2016-11-06,637,284.31791666666663,3.7916666666666665
2016-11-07,1037,279.79791666666665,2.1666666666666665
2016-11-08,1061,281.91291666666666,1.375
2016-11-09,842,283.6379166666666,1.9583333333333333
2016-11-10,1136,282.03208333333333,3.3333333333333335
2016-11-11,962,284.3904166666667,4.958333333333333
2016-11-12,846,278.86625,3.4166666666666665
2016-11-13,763,279.97166666666664,2.625
2016-11-14,986,281.4475,2.5
2016-11-15,1126,282.8354166666667,2.4166666666666665
2016-11-16,977,282.77500000000003,3.3333333333333335
2016-11-17,1051,284.19708333333335,4.0
2016-11-18,1263,282.76416666666665,2.8333333333333335
2016-11-19,930,282.96250000000003,2.1666666666666665
2016-11-20,1207,278.1033333333333,6.25
2016-11-21,1219,276.2241666666667,8.458333333333334
2016-11-22,1013,276.5295833333333,6.875
2016-11-23,1015,276.41375,3.5
2016-11-24,567,278.01187980724995,2.0
2016-11-25,693,280.8433333333333,1.625
2016-11-26,654,280.7183333333333,2.2916666666666665
2016-11-27,664,278.1383333333333,3.0416666666666665
2016-11-28,896,277.6795833333333,1.8333333333333333
2016-11-29,965,283.3270833333333,3.5
2016-11-30,971,285.19666666666666,2.25
2016-12-01,896,284.0708333333334,5.083333333333333
2016-12-02,918,279.5025,4.583333333333333
2016-12-03,755,279.9083333333333,5.458333333333333
2016-12-04,546,278.51789975725,3.125
2016-12-05,1041,277.63166666666666,2.5833333333333335
2016-12-06,1014,276.30375,2.25
2016-12-07,872,277.84791666666666,3.0416666666666665
2016-12-08,919,276.5129166666667,2.5
2016-12-09,1133,274.5108572584167,5.666666666666667
2016-12-10,916,271.77916666666664,3.3333333333333335
2016-12-11,871,270.90708333333333,2.125
2016-12-12,1112,275.4891666666667,2.2916666666666665
2016-12-13,904,275.59666666666664,2.5833333333333335
2016-12-14,1017,275.84999999999997,2.625
2016-12-15,1285,270.3879166666666,5.625
2016-12-16,1186,266.15208333333334,4.416666666666667
2016-12-17,1160,270.6525,2.375
2016-12-18,712,278.2375,4.375
2016-12-19,808,271.15958333333333,4.166666666666667
2016-12-20,950,267.78625000000005,1.75
2016-12-21,970,271.87583333333333,2.6666666666666665
2016-12-22,925,275.8379166666667,2.4583333333333335
2016-12-23,898,277.3233333333333,3.0833333333333335
2016-12-24,772,277.19166666666666,2.9583333333333335
2016-12-25,452,278.87708333333336,2.7083333333333335
2016-12-26,853,274.71666666666664,2.9583333333333335
2016-12-27,739,283.72999999999996,4.791666666666667
2016-12-28,707,277.1645833333334,2.625
2016-12-29,1001,274.4629166666667,2.7083333333333335
2016-12-30,918,275.34916666666663,4.833333333333333
2016-12-31,561,274.34166666666664,3.75
